<?xml version="1.0" encoding="UTF-8"?>
<con:soapui-project id="3cc841e2-6e6e-4a3a-b4b6-fb8e98e8dbab" activeEnvironment="Default" name="Información comercial" resourceRoot="${projectDir}" soapui-version="5.7.0" abortOnError="false" runType="SEQUENTIAL" xmlns:con="http://eviware.com/soapui/config"><con:settings/><con:interface xsi:type="con:WsdlInterface" id="32805537-b588-4e9a-9fa5-7aca697fe21c" wsaVersion="NONE" name="InformacionComercialSoapBinding" type="wsdl" bindingName="{http://infocomercial.cifin.asobancaria.com}InformacionComercialSoapBinding" soapVersion="1_1" anonymous="optional" definition="https://cifinpruebas.asobancaria.com/InformacionComercialWS/services/InformacionComercial?wsdl" xmlns:xsi="http://www.w3.org/2001/XMLSchema-instance"><con:settings/><con:definitionCache type="TEXT" rootPart="https://cifinpruebas.asobancaria.com/InformacionComercialWS/services/InformacionComercial?wsdl"><con:part><con:url>https://cifinpruebas.asobancaria.com/InformacionComercialWS/services/InformacionComercial?wsdl</con:url><con:content><![CDATA[<definitions targetNamespace="http://infocomercial.cifin.asobancaria.com" xmlns="http://schemas.xmlsoap.org/wsdl/" xmlns:intf="http://infocomercial.cifin.asobancaria.com" xmlns:wsdlsoap="http://schemas.xmlsoap.org/wsdl/soap/" xmlns:xsd="http://www.w3.org/2001/XMLSchema" xmlns:wsdl="http://schemas.xmlsoap.org/wsdl/" xmlns:apachesoap="http://xml.apache.org/xml-soap" xmlns:impl="http://infocomercial.cifin.asobancaria.com" xmlns:tns1="http://dto.infocomercial.cifin.asobancaria.com" xmlns:soapenc="http://schemas.xmlsoap.org/soap/encoding/">
  <!--WSDL created by Apache Axis version: 1.4
Built on Oct 06, 2010 (02:39:27 GMT)-->
  <wsdl:types>
    <schema targetNamespace="http://dto.infocomercial.cifin.asobancaria.com" xmlns="http://www.w3.org/2001/XMLSchema">
      <import namespace="http://schemas.xmlsoap.org/soap/encoding/"/>
      <complexType name="ParametrosConsultaDTO">
        <sequence>
          <element name="codigoInformacion" nillable="true" type="soapenc:string"/>
          <element name="motivoConsulta" nillable="true" type="soapenc:string"/>
          <element name="numeroIdentificacion" nillable="true" type="soapenc:string"/>
          <element name="tipoIdentificacion" nillable="true" type="soapenc:string"/>
        </sequence>
      </complexType>
    </schema>
  </wsdl:types>
  <message name="consultaXmlRequest">
    <part name="in0" type="tns1:ParametrosConsultaDTO"/>
  </message>
  <message name="consultaXmlResponse">
    <part name="consultaXmlReturn" type="soapenc:string"/>
  </message>
  <message name="consultaPlanoRequest">
    <part name="in0" type="tns1:ParametrosConsultaDTO"/>
  </message>
  <message name="consultaPlanoResponse">
    <part name="consultaPlanoReturn" type="soapenc:string"/>
  </message>
  <message name="cambioPasswordRequest">
    <part name="in0" type="soapenc:string"/>
  </message>
  <message name="cambioPasswordResponse">
    <part name="cambioPasswordReturn" type="soapenc:string"/>
  </message>
  <portType name="InformacionComercialWS">
    <operation name="consultaXml" parameterOrder="in0">
      <input name="consultaXmlRequest" message="intf:consultaXmlRequest"/>
      <output name="consultaXmlResponse" message="intf:consultaXmlResponse"/>
    </operation>
    <operation name="consultaPlano" parameterOrder="in0">
      <input name="consultaPlanoRequest" message="intf:consultaPlanoRequest"/>
      <output name="consultaPlanoResponse" message="intf:consultaPlanoResponse"/>
    </operation>
    <operation name="cambioPassword" parameterOrder="in0">
      <input name="cambioPasswordRequest" message="intf:cambioPasswordRequest"/>
      <output name="cambioPasswordResponse" message="intf:cambioPasswordResponse"/>
    </operation>
  </portType>
  <binding name="InformacionComercialSoapBinding" type="intf:InformacionComercialWS">
    <wsdlsoap:binding style="rpc" transport="http://schemas.xmlsoap.org/soap/http"/>
    <operation name="consultaXml">
      <wsdlsoap:operation soapAction=""/>
      <input name="consultaXmlRequest">
        <wsdlsoap:body use="encoded" namespace="http://infocomercial.cifin.asobancaria.com" encodingStyle="http://schemas.xmlsoap.org/soap/encoding/"/>
      </input>
      <output name="consultaXmlResponse">
        <wsdlsoap:body use="encoded" namespace="http://infocomercial.cifin.asobancaria.com" encodingStyle="http://schemas.xmlsoap.org/soap/encoding/"/>
      </output>
    </operation>
    <operation name="consultaPlano">
      <wsdlsoap:operation soapAction=""/>
      <input name="consultaPlanoRequest">
        <wsdlsoap:body use="encoded" namespace="http://infocomercial.cifin.asobancaria.com" encodingStyle="http://schemas.xmlsoap.org/soap/encoding/"/>
      </input>
      <output name="consultaPlanoResponse">
        <wsdlsoap:body use="encoded" namespace="http://infocomercial.cifin.asobancaria.com" encodingStyle="http://schemas.xmlsoap.org/soap/encoding/"/>
      </output>
    </operation>
    <operation name="cambioPassword">
      <wsdlsoap:operation soapAction=""/>
      <input name="cambioPasswordRequest">
        <wsdlsoap:body use="encoded" namespace="http://infocomercial.cifin.asobancaria.com" encodingStyle="http://schemas.xmlsoap.org/soap/encoding/"/>
      </input>
      <output name="cambioPasswordResponse">
        <wsdlsoap:body use="encoded" namespace="http://infocomercial.cifin.asobancaria.com" encodingStyle="http://schemas.xmlsoap.org/soap/encoding/"/>
      </output>
    </operation>
  </binding>
  <service name="InformacionComercialWSService">
    <port name="InformacionComercial" binding="intf:InformacionComercialSoapBinding">
      <wsdlsoap:address location="https://ttuweb3.universo.corp/InformacionComercialWS/services/InformacionComercial"/>
    </port>
  </service>
</definitions>]]></con:content><con:type>http://schemas.xmlsoap.org/wsdl/</con:type></con:part></con:definitionCache><con:endpoints><con:endpoint>https://ttuweb3.universo.corp/InformacionComercialWS/services/InformacionComercial</con:endpoint></con:endpoints><con:operation id="4e3b3b49-906b-4fae-8ff7-ca8e664d29c8" isOneWay="false" action="" name="cambioPassword" bindingOperationName="cambioPassword" type="Request-Response" outputName="cambioPasswordResponse" inputName="cambioPasswordRequest" receivesAttachments="false" sendsAttachments="false" anonymous="optional"><con:settings/><con:call id="0631117f-8d63-4f30-ac68-02a000fe4ae4" name="Request 1"><con:settings/><con:encoding>UTF-8</con:encoding><con:endpoint>https://ttuweb3.universo.corp/InformacionComercialWS/services/InformacionComercial</con:endpoint><con:request><![CDATA[<soapenv:Envelope xmlns:xsi="http://www.w3.org/2001/XMLSchema-instance" xmlns:xsd="http://www.w3.org/2001/XMLSchema" xmlns:soapenv="http://schemas.xmlsoap.org/soap/envelope/" xmlns:inf="http://infocomercial.cifin.asobancaria.com">\r
   <soapenv:Header/>\r
   <soapenv:Body>\r
      <inf:cambioPassword soapenv:encodingStyle="http://schemas.xmlsoap.org/soap/encoding/">\r
         <in0 xsi:type="soapenc:string" xmlns:soapenc="http://schemas.xmlsoap.org/soap/encoding/">?</in0>\r
      </inf:cambioPassword>\r
   </soapenv:Body>\r
</soapenv:Envelope>]]></con:request><con:wsaConfig mustUnderstand="NONE" version="200508" action="http://infocomercial.cifin.asobancaria.com/InformacionComercialWS/cambioPasswordRequest"/></con:call></con:operation><con:operation id="405eaa7c-e103-4250-895c-1fd387cc7601" isOneWay="false" action="" name="consultaPlano" bindingOperationName="consultaPlano" type="Request-Response" outputName="consultaPlanoResponse" inputName="consultaPlanoRequest" receivesAttachments="false" sendsAttachments="false" anonymous="optional"><con:settings/><con:call id="7b31c669-a10a-4e78-b343-8c8d946337c4" name="Request 1"><con:settings/><con:encoding>UTF-8</con:encoding><con:endpoint>https://ttuweb3.universo.corp/InformacionComercialWS/services/InformacionComercial</con:endpoint><con:request><![CDATA[<soapenv:Envelope xmlns:xsi="http://www.w3.org/2001/XMLSchema-instance" xmlns:xsd="http://www.w3.org/2001/XMLSchema" xmlns:soapenv="http://schemas.xmlsoap.org/soap/envelope/" xmlns:inf="http://infocomercial.cifin.asobancaria.com">\r
   <soapenv:Header/>\r
   <soapenv:Body>\r
      <inf:consultaPlano soapenv:encodingStyle="http://schemas.xmlsoap.org/soap/encoding/">\r
         <in0 xsi:type="dto:ParametrosConsultaDTO" xmlns:dto="http://dto.infocomercial.cifin.asobancaria.com">\r
            <codigoInformacion xsi:type="soapenc:string" xmlns:soapenc="http://schemas.xmlsoap.org/soap/encoding/">?</codigoInformacion>\r
            <motivoConsulta xsi:type="soapenc:string" xmlns:soapenc="http://schemas.xmlsoap.org/soap/encoding/">?</motivoConsulta>\r
            <numeroIdentificacion xsi:type="soapenc:string" xmlns:soapenc="http://schemas.xmlsoap.org/soap/encoding/">?</numeroIdentificacion>\r
            <tipoIdentificacion xsi:type="soapenc:string" xmlns:soapenc="http://schemas.xmlsoap.org/soap/encoding/">?</tipoIdentificacion>\r
         </in0>\r
      </inf:consultaPlano>\r
   </soapenv:Body>\r
</soapenv:Envelope>]]></con:request><con:credentials><con:authType>No Authorization</con:authType></con:credentials><con:jmsConfig JMSDeliveryMode="PERSISTENT"/><con:jmsPropertyConfig/><con:wsaConfig mustUnderstand="NONE" version="200508" action="http://infocomercial.cifin.asobancaria.com/InformacionComercialWS/consultaPlanoRequest"/><con:wsrmConfig version="1.2"/></con:call></con:operation><con:operation id="f92a5abf-f98f-4495-a930-33c2ca139c43" isOneWay="false" action="" name="consultaXml" bindingOperationName="consultaXml" type="Request-Response" outputName="consultaXmlResponse" inputName="consultaXmlRequest" receivesAttachments="false" sendsAttachments="false" anonymous="optional"><con:settings/><con:call id="edcf8dd8-7685-493b-99ea-3da880fe60cb" name="Request 1" outgoingWss="Prueba"><con:settings><con:setting id="com.eviware.soapui.impl.wsdl.WsdlRequest@request-headers">&lt;xml-fragment/></con:setting><con:setting id="com.eviware.soapui.impl.wsdl.WsdlRequest@strip-whitespaces">true</con:setting></con:settings><con:encoding>UTF-8</con:encoding><con:endpoint>https://miportafoliouat.transunion.co/InformacionComercialWS/services/InformacionComercial?wsdl</con:endpoint><con:request><![CDATA[<soapenv:Envelope xmlns:xsi="http://www.w3.org/2001/XMLSchema-instance" xmlns:xsd="http://www.w3.org/2001/XMLSchema" xmlns:soapenv="http://schemas.xmlsoap.org/soap/envelope/" xmlns:inf="http://infocomercial.cifin.asobancaria.com">\r
   <soapenv:Header/>\r
   <soapenv:Body>\r
      <inf:consultaXml soapenv:encodingStyle="http://schemas.xmlsoap.org/soap/encoding/">\r
         <in0 xsi:type="dto:ParametrosConsultaDTO" xmlns:dto="http://dto.infocomercial.cifin.asobancaria.com">\r
            <codigoInformacion xsi:type="soapenc:string" xmlns:soapenc="http://schemas.xmlsoap.org/soap/encoding/">1855</codigoInformacion>\r
            <motivoConsulta xsi:type="soapenc:string" xmlns:soapenc="http://schemas.xmlsoap.org/soap/encoding/">24</motivoConsulta>\r
            <numeroIdentificacion xsi:type="soapenc:string" xmlns:soapenc="http://schemas.xmlsoap.org/soap/encoding/">37685317</numeroIdentificacion>\r
            <tipoIdentificacion xsi:type="soapenc:string" xmlns:soapenc="http://schemas.xmlsoap.org/soap/encoding/">1</tipoIdentificacion>\r
         </in0>\r
      </inf:consultaXml>\r
   </soapenv:Body>\r
</soapenv:Envelope>]]></con:request><con:credentials><con:username>520825</con:username><con:password>jD40JB</con:password><con:selectedAuthProfile>Basic</con:selectedAuthProfile><con:addedBasicAuthenticationTypes>Basic</con:addedBasicAuthenticationTypes><con:authType>Global HTTP Settings</con:authType></con:credentials><con:jmsConfig JMSDeliveryMode="PERSISTENT"/><con:jmsPropertyConfig/><con:wsaConfig mustUnderstand="NONE" version="200508" action="http://infocomercial.cifin.asobancaria.com/InformacionComercialWS/consultaXmlRequest"/><con:wsrmConfig version="1.2"/></con:call><con:call id="c21540bc-4fe2-4580-8838-e470dda8dc95" name="Pruebas - Infocom" outgoingWss="Prueba"><con:settings><con:setting id="com.eviware.soapui.impl.wsdl.WsdlRequest@request-headers">&lt;xml-fragment/></con:setting><con:setting id="com.eviware.soapui.impl.wsdl.WsdlRequest@strip-whitespaces">true</con:setting></con:settings><con:encoding>UTF-8</con:encoding><con:endpoint>https://miportafoliouat.transunion.co/InformacionComercialWS/services/InformacionComercial?WSDL</con:endpoint><con:request><![CDATA[<soapenv:Envelope xmlns:xsi="http://www.w3.org/2001/XMLSchema-instance" xmlns:xsd="http://www.w3.org/2001/XMLSchema" xmlns:soapenv="http://schemas.xmlsoap.org/soap/envelope/" xmlns:inf="http://infocomercial.cifin.asobancaria.com">\r
   <soapenv:Header/>\r
   <soapenv:Body>\r
      <inf:consultaXml soapenv:encodingStyle="http://schemas.xmlsoap.org/soap/encoding/">\r
         <in0 xsi:type="dto:ParametrosConsultaDTO" xmlns:dto="http://dto.infocomercial.cifin.asobancaria.com">\r
            <codigoInformacion xsi:type="soapenc:string" xmlns:soapenc="http://schemas.xmlsoap.org/soap/encoding/">154</codigoInformacion>\r
            <motivoConsulta xsi:type="soapenc:string" xmlns:soapenc="http://schemas.xmlsoap.org/soap/encoding/">24</motivoConsulta>\r
            <numeroIdentificacion xsi:type="soapenc:string" xmlns:soapenc="http://schemas.xmlsoap.org/soap/encoding/">1061738990</numeroIdentificacion>\r
            <tipoIdentificacion xsi:type="soapenc:string" xmlns:soapenc="http://schemas.xmlsoap.org/soap/encoding/">1</tipoIdentificacion>\r
         </in0>\r
      </inf:consultaXml>\r
   </soapenv:Body>\r
</soapenv:Envelope>]]></con:request><con:credentials><con:username>520825</con:username><con:password>Alex27</con:password><con:selectedAuthProfile>Basic</con:selectedAuthProfile><con:addedBasicAuthenticationTypes>Basic</con:addedBasicAuthenticationTypes><con:authType>Global HTTP Settings</con:authType></con:credentials><con:jmsConfig JMSDeliveryMode="PERSISTENT"/><con:jmsPropertyConfig/><con:wsaConfig mustUnderstand="NONE" version="200508" action="http://infocomercial.cifin.asobancaria.com/InformacionComercialWS/consultaXmlRequest"/><con:wsrmConfig version="1.2"/></con:call></con:operation></con:interface><con:properties/><con:wssContainer><con:crypto><con:source>certificate.pfx</con:source><con:password>namtrik</con:password><con:type>KEYSTORE</con:type></con:crypto><con:outgoing><con:name>Prueba</con:name><con:entry type="Signature" username="1" password="namtrik"><con:configuration><crypto>certificate.pfx</crypto><keyIdentifierType>2</keyIdentifierType><signatureAlgorithm>http://www.w3.org/2000/09/xmldsig#rsa-sha1</signatureAlgorithm><signatureCanonicalization>http://www.w3.org/2001/10/xml-exc-c14n#</signatureCanonicalization><useSingleCert>true</useSingleCert><prependSignature>true</prependSignature><digestAlgorithm>http://www.w3.org/2000/09/xmldsig#sha1</digestAlgorithm><customTokenValueType/><customTokenId/></con:configuration></con:entry><con:entry type="Timestamp"><con:configuration><timeToLive>10000</timeToLive><strictTimestamp>true</strictTimestamp></con:configuration></con:entry></con:outgoing></con:wssContainer><con:oAuth2ProfileContainer/><con:oAuth1ProfileContainer/><con:sensitiveInformation/></con:soapui-project>